t,dbm
0.012,-55
0.124,-55
0.24,-56
0.352,-55
0.468,-55
0.583,-55
0.697,-56
0.814,-55
0.93,-56
1.044,-56
1.157,-56
1.276,-56
1.398,-56
1.51,-56
1.623,-55
1.735,-55
1.848,-55
1.96,-55
2.068,-56
2.176,-56
2.284,-56
2.394,-56
2.502,-56
2.614,-55
2.726,-55
2.839,-55
2.951,-55
3.066,-55
3.178,-56
3.29,-56
3.403,-56
3.518,-55
3.63,-55
3.742,-55
3.855,-56
3.97,-56
4.083,-55
4.196,-55
4.308,-55
4.42,-55
4.536,-55
4.648,-53
4.761,-51
4.873,-51
4.988,-51
5.102,-51
5.214,-51
5.326,-51
5.442,-51
5.556,-51
5.668,-51
5.781,-50
5.893,-51
6.008,-51
6.121,-51
6.233,-50
6.346,-51
6.461,-51
6.574,-51
6.686,-51
6.798,-51
6.914,-51
7.029,-51
7.142,-51
7.254,-51
7.37,-51
7.485,-51
7.598,-50
7.71,-50
7.825,-50
7.94,-50
8.053,-50
8.165,-50
8.277,-50
8.392,-50
8.504,-51
8.617,-50
8.728,-50
8.843,-50
8.954,-50
9.067,-50
9.179,-50
9.294,-50
9.408,-50
9.52,-50
9.632,-50
9.748,-50
9.864,-50
9.976,-50
10.089,-51
10.204,-51
10.32,-50
10.432,-50
10.544,-50
10.656,-50
10.771,-50
10.884,-50
10.996,-50
11.108,-50
11.221,-50
11.333,-50
11.448,-50
11.564,-50
11.676,-50
11.789,-50
11.901,-51
12.014,-52
12.129,-52
12.24,-51
12.352,-50
12.464,-50
12.579,-50
12.692,-49
12.804,-50
12.916,-50
13.028,-51
13.141,-51
13.256,-51
13.369,-51
13.48,-51
13.593,-50
13.708,-49
13.822,-49
13.934,-50
14.046,-50
14.159,-50
14.274,-50
14.386,-50
14.498,-49
14.61,-50
14.722,-50
14.838,-50
14.95,-50
15.062,-52
15.175,-52
15.287,-53
15.399,-53
15.51,-53
15.626,-53
15.738,-53
15.851,-53
15.963,-53
16.075,-54
16.191,-54
16.305,-55
16.418,-55
16.529,-55
16.641,-55
16.752,-55
16.868,-55
16.98,-55
17.093,-55
17.205,-55
17.32,-55
17.432,-55
17.544,-56
17.656,-55
17.772,-55
17.884,-54
17.997,-54
18.109,-55
18.225,-55
18.338,-55
18.45,-55
18.563,-54
18.678,-54
18.793,-55
18.906,-55
19.018,-55
19.133,-55
19.246,-55
19.358,-55
19.469,-55
19.582,-55
19.693,-55
19.808,-55
19.919,-55
20.032,-55
20.143,-55
20.258,-54
20.371,-55
20.482,-55
20.597,-55
20.713,-55
20.824,-55
20.936,-55
21.048,-55
21.163,-55
21.275,-55
21.388,-55
21.5,-55
21.612,-54
21.728,-53
21.84,-53
21.953,-53
22.065,-54
22.181,-53
22.293,-54
22.405,-55
22.517,-54
22.629,-53
22.744,-52
22.857,-52
22.969,-53
23.082,-53
23.197,-55
23.31,-55
23.421,-55
23.533,-55
23.646,-54
23.761,-54
23.874,-53
23.986,-54
24.098,-54
24.214,-54
24.326,-53
24.439,-53
24.551,-52
24.666,-50
24.779,-50
24.891,-51
25.004,-50
25.119,-50
25.234,-50
25.346,-49
25.458,-48
25.573,-48
25.688,-47
25.801,-47
25.913,-49
26.026,-48
26.138,-48
26.251,-46
26.363,-47
26.474,-47
26.586,-47
26.702,-46
26.814,-47
26.926,-46
27.039,-46
27.154,-47
27.267,-47
27.38,-48
27.491,-47
27.606,-47
27.721,-46
27.834,-46
27.946,-46
28.061,-47
28.177,-47
28.289,-46
28.4,-46
28.512,-45
28.627,-46
28.738,-46
28.85,-45
28.963,-46
29.078,-47
29.193,-47
29.306,-47
29.417,-47
29.532,-47
29.65,-47
29.761,-47
29.874,-47
29.986,-48
30.102,-47
30.214,-46
30.326,-47
30.438,-46
30.553,-47
30.666,-47
30.778,-47
30.89,-47
31.006,-46
31.119,-46
31.231,-47
31.344,-48
31.457,-48
31.573,-48
31.685,-48
31.797,-47
31.913,-47
32.028,-47
32.141,-47
32.252,-48
32.364,-47
32.477,-47
32.59,-47
32.702,-47
32.814,-47
32.93,-47
33.042,-47
33.154,-46
33.267,-46
33.383,-47
33.494,-48
33.606,-47
33.718,-47
33.834,-47
33.947,-47
34.059,-47
34.172,-47
34.287,-47
34.402,-47
34.513,-47
34.625,-48
34.741,-48
34.856,-48
34.968,-48
35.079,-48
35.195,-48
35.31,-48
35.422,-47
35.533,-46
35.649,-47
35.764,-47
35.876,-47
35.989,-47
36.104,-47
36.22,-48
36.332,-48
36.444,-48
36.557,-47
36.673,-48
36.785,-48
36.898,-48
37.012,-48
37.127,-48
37.24,-48
37.352,-48
37.465,-47
37.581,-47
37.693,-48
37.805,-48
37.918,-48
38.032,-48
38.144,-47
38.256,-47
38.372,-47
38.487,-47
38.599,-47
38.711,-47
38.824,-48
38.939,-48
39.052,-47
39.164,-47
39.276,-48
39.392,-48
39.507,-48
39.619,-48
39.73,-48
39.845,-48
39.961,-47
40.073,-47
40.186,-47
40.301,-47
40.417,-48
40.529,-48
40.641,-48
40.753,-48
40.868,-49
40.98,-50
41.092,-50
41.204,-49
41.32,-48
41.434,-48
41.546,-47
41.658,-48
41.773,-48
41.888,-49
42.0,-49
42.113,-48
42.228,-48
42.344,-49
42.456,-49
42.568,-50
42.684,-49
42.799,-49
42.911,-48
43.024,-48
43.139,-49
43.255,-49
43.368,-49
43.479,-49
43.594,-49
43.709,-47
43.822,-48
43.934,-48
44.049,-48
44.165,-48
44.277,-49
44.389,-49
44.502,-48
44.617,-48
44.728,-48
44.841,-48
44.953,-49
45.069,-48
45.181,-48
45.293,-48
45.406,-48
45.518,-48
45.633,-47
45.746,-47
45.858,-46
45.973,-46
46.089,-46
46.201,-46
46.314,-45
46.429,-45
46.543,-46
46.656,-47
46.767,-46
46.882,-46
46.997,-46
47.11,-46
47.222,-46
47.338,-46
47.453,-46
47.566,-46
47.678,-46
47.793,-46
47.909,-46
48.021,-47
48.133,-47
48.246,-46
48.358,-46
48.472,-45
48.585,-45
48.697,-45
48.809,-45
48.925,-45
49.037,-45
49.15,-45
49.265,-46
49.381,-46
49.493,-47
49.605,-48
49.717,-48
49.833,-48
49.945,-47
50.056,-47
50.168,-47
50.284,-47
50.398,-48
50.51,-48
50.622,-47
50.738,-47
50.852,-48
50.965,-48
51.077,-48
51.19,-48
51.305,-48
51.418,-47
51.53,-47
51.645,-47
51.761,-47
51.873,-48
51.986,-48
52.101,-48
52.215,-47
52.327,-47
52.444,-48
52.556,-48
52.671,-47
52.783,-48
52.896,-48
53.008,-48
53.12,-48
53.233,-48
53.345,-48
53.456,-48
53.571,-48
53.685,-48
53.798,-48
53.91,-48
54.024,-48
54.14,-47
54.252,-47
54.364,-47
54.478,-48
54.594,-48
54.706,-48
54.818,-48
54.934,-48
55.049,-48
55.162,-47
55.274,-47
55.386,-48
55.502,-48
55.614,-48
55.726,-48
55.839,-48
55.954,-48
56.065,-47
56.177,-48
56.289,-48
56.405,-48
56.518,-47
56.629,-47
56.741,-47
56.856,-47
56.972,-47
57.084,-47
57.196,-48
57.308,-48
57.42,-48
57.533,-48
57.645,-48
57.757,-48
57.873,-47
57.985,-48
58.098,-48
58.21,-48
58.325,-48
58.44,-48
58.552,-48
58.664,-48
58.78,-48
58.894,-48
59.006,-48
59.118,-48
59.23,-48
59.346,-47
59.457,-47
59.569,-47
59.681,-48
59.797,-48
59.909,-48
